id,name,surname,department,positon,salary
1,Trix,Georgius,"Human Resources",Analyst,9250
2,Garret,Episcopio,Legal,Consultant,11662
3,Raynard,Hammatt,Marketing,"Project Manager",12082
4,Fredric,Acock,Marketing,Developer,13531
5,Brigham,Girling,Legal,Analyst,9963
6,Abie,Iliffe,"Human Resources",Developer,13568
7,Jenine,Cadle,Sales,Consultant,14812
8,Nickie,Quarterman,Accounting,"Project Manager",7133
9,Garfield,Bullen,"Product Management",Analyst,13860
10,Theda,Dight,"Product Management",Consultant,10937
11,Alyosha,Bierling,"Business Development",Developer,5061
12,Trudy,Quince,Accounting,Developer,6948
13,Herbie,Dewsnap,Engineering,Analyst,8530
14,Tracey,Brennan,Marketing,Consultant,8442
15,Dyane,Fontes,Support,"Project Manager",12154
16,Wolfgang,Somerscales,Training,Developer,5366
17,Grenville,Insko,"Research and Development",Consultant,7835
18,Holt,Prozillo,"Human Resources",Analyst,9673
19,Annabell,Joslyn,"Research and Development",Analyst,10471
20,Candy,Beetles,Accounting,Developer,14460
21,Genny,Wake,Services,Analyst,10584
22,Aksel,Chillingsworth,Marketing,Consultant,5794
23,Norris,Cragg,Support,Analyst,9509
24,Bamby,Althorp,Marketing,"Project Manager",9766
25,Justis,Mullinder,Accounting,Developer,13467
26,Calli,Millam,"Human Resources",Analyst,7212
27,Lusa,Ariss,Training,Analyst,13436
28,Sibeal,Boeter,Legal,"Project Manager",10547
29,Peta,Doerrling,"Product Management",Analyst,10465
30,Flori,Kern,"Human Resources",Consultant,12000
31,Ferdie,Ocheltree,Training,Developer,6741
32,Hilary,Kilpatrick,Marketing,"Project Manager",13169
33,Gerome,Huton,Legal,Consultant,7941
34,Clair,Toolin,"Product Management",Analyst,9520
35,Mar,Hundell,Support,Analyst,13300
36,Kean,Stonehouse,"Business Development",Consultant,14304
37,Annetta,"Erskine Sandys","Research and Development",Consultant,12199
38,Michal,Czapla,Sales,Developer,13993
39,Johann,Slany,Sales,Consultant,7804
40,Elspeth,Sillitoe,Sales,"Project Manager",14898
41,Petra,Ing,Legal,Consultant,9421
42,Barnabas,Sawnwy,Sales,Analyst,7655
43,Hubie,Grancher,Marketing,"Project Manager",9928
44,Lulu,Wichard,"Research and Development",Analyst,10123
45,Dalt,Muncie,"Human Resources",Developer,11036
46,Anatole,Zini,Legal,Analyst,5016
47,Aprilette,Doucette,Engineering,Consultant,12104
48,Delora,Feakins,"Business Development",Analyst,7973
49,Dwayne,Dunton,"Human Resources","Project Manager",6208
50,Zane,Boggs,Accounting,Consultant,11637
51,sdfsdf,dfgfdg,fdgdf,dfgd,10000.000000
